2025/4/13,fjalle
2025/4/14,flamur
2025/4/15,haleje
2025/4/16,kursim
2025/4/17,ndolli
2025/4/18,imitim
2025/4/19,mjekër
2025/4/20,skanim
2025/4/21,lendim
2025/4/22,dardan
2025/4/23,qendër
2025/4/24,bosnje
2025/4/25,shqipe
2025/4/26,dritat
2025/4/27,shofer
2025/4/28,qershi
2025/4/29,xhenet
2025/4/30,kancer
2025/5/1,vendit
2025/5/2,mungon
2025/5/3,demant
2025/5/4,gëzuar
2025/5/5,amanet
2025/5/6,bërtit
2025/5/7,qorron
2025/5/8,qëllim
2025/5/9,dollap
2025/5/10,bukuri
2025/5/11,votoje
2025/5/12,biblik
2025/5/13,qëndro
2025/5/14,domate
2025/5/15,dardhë
2025/5/16,lugina
2025/5/17,natyra
2025/5/18,zemrat
2025/5/19,dritar
2025/5/20,çadrat
2025/5/21,vizato
2025/5/22,kenget
2025/5/23,mbytem
2025/5/24,shpirt
2025/5/25,ruajti
2025/5/26,vërtet
2025/5/27,driten
2025/5/28,bezdis
2025/5/29,këlysh
2025/5/30,pajton
2025/5/31,vajzat
2025/6/1,bylbyl
2025/6/2,kimist
2025/6/3,bigami
2025/6/4,dalmat
2025/6/5,këmbët
2025/6/6,plumbi
2025/6/7,ideale
2025/6/8,adresa
2025/6/9,reagim
2025/6/10,poloni
2025/6/11,kursim
2025/6/12,serbia
2025/6/13,kosova
2025/6/14,tirana
2025/6/15,shtrat
2025/6/16,fshive
2025/6/17,heshti
2025/6/18,japoni
2025/6/19,tërheq
2025/6/20,tipare
2025/6/21,bazike
2025/6/22,kurajo
2025/6/23,bokser
2025/6/24,banane
2025/6/25,kursim
2025/6/26,ideove
2025/6/27,desert
2025/6/28,shisni
2025/6/29,hjeshi
2025/6/30,arkivë
2025/7/1,daneze
2025/7/2,gezimi
2025/7/3,kryeso
2025/7/4,kërkim
2025/7/5,fronte
2025/7/6,djathë
2025/7/7,shtatë
2025/7/8,rrëzik
2025/7/9,kurorë
2025/7/10,doktor
2025/7/11,poetik
2025/7/12,tirani
2025/7/13,lypjes
2025/7/14,kukull
2025/7/15,ëndërr
2025/7/16,druajt
2025/7/17,posedo
2025/7/18,lëkurë
2025/7/19,fermer
2025/7/20,ngulis
2025/7/21,mjaltë
2025/7/22,garoji
2025/7/23,shahem
2025/7/24,berber
2025/7/25,rritjë
2025/7/26,rrekke
2025/7/27,mikloi
2025/7/28,nofull
2025/7/29,linjit
2025/7/30,arushë
2025/7/31,puthje
2025/8/1,penjtë
2025/8/2,rivalë
2025/8/3,cenove
2025/8/4,jastëk
2025/8/5,ritual
2025/8/6,pruaji
2025/8/7,pifsha
2025/8/8,sekret
2025/8/9,paguaj
2025/8/10,gurore
2025/8/11,kanosa
2025/8/12,misrat
2025/8/13,printo
2025/8/14,nxisni
2025/8/15,pegaso
2025/8/16,qelbja
2025/8/17,diktoi
2025/8/18,vdiste
2025/8/19,ananas
2025/8/20,mermer
2025/8/21,eufrat
2025/8/22,faraon
2025/8/23,orbitë
2025/8/24,porosi
2025/8/25,muskuj
2025/8/26,pordhi
2025/8/27,xheloz
2025/8/28,shufra
2025/8/29,patate
2025/8/30,melaqe
2025/8/31,skedar
2025/9/1,shkroi
2025/9/2,gejzer
2025/9/3,shpejt
2025/9/4,qethur
2025/9/5,bujtja
2025/9/6,ishull
2025/9/7,tabelë
2025/9/8,eklips
2025/9/9,fyesve
2025/9/10,pelenë
2025/9/11,kurdis
2025/9/12,kruare
2025/9/13,shembu
2025/9/14,zgjata
2025/9/15,rivuri
2025/9/16,grusht
2025/9/17,ngrysa
2025/9/18,vetojë
2025/9/19,kaltër
2025/9/20,djalle
2025/9/21,livadh
2025/9/22,sezoni
2025/9/23,masazh
2025/9/24,kurore
2025/9/25,magnez
2025/9/26,nektar
2025/9/27,granat
2025/9/28,martir
2025/9/29,zhurmë
2025/9/30,sudoku
2025/10/1,ushtar
2025/10/2,qelbës
2025/10/3,rrofsh
2025/10/4,sukses
2025/10/5,bisedë
2025/10/6,kanaçe
2025/10/7,rriqer
2025/10/8,turist
2025/10/9,këmbëz
2025/10/10,raketë
2025/10/11,kthesë
2025/10/12,pushim
2025/10/13,grenzë
2025/10/14,zigzag
2025/10/15,bishti
2025/10/16,bunker
2025/10/17,profet
2025/10/18,zodiak
2025/10/19,fshiva
2025/10/20,vertet
2025/10/21,çerdhe
2025/10/22,puthma
2025/10/23,kandar
2025/10/24,kerret
2025/10/25,dyzime
2025/10/26,pallat
2025/10/27,postim
2025/10/28,mbylle
2025/10/29,gabimi
2025/10/30,vetura
2025/10/31,makinë
2025/11/1,thirre
2025/11/2,pagues
2025/11/3,ftesat
2025/11/4,cituat
2025/11/5,pasuat
2025/11/6,palomë
2025/11/7,gishti
2025/11/8,motrat
2025/11/9,bishti
2025/11/10,pagesa
2025/11/11,makina
2025/11/12,burgos
2025/11/13,thyeje
2025/11/14,sundua
2025/11/15,cimbis
2025/11/16,milito
2025/11/17,mostra
2025/11/18,fshaja
2025/11/19,testim
2025/11/20,peshku
2025/11/21,krisma
2025/11/22,sulmua
2025/11/23,varrua
2025/11/24,nxehja
2025/11/25,mendoi
2025/11/26,mjekua
2025/11/27,amfibe
2025/11/28,flisja
2025/11/29,robota
2025/11/30,ushtri
2025/12/1,pullat
2025/12/2,lapsat
2025/12/3,gjethi
2025/12/4,kajaka
2025/12/5,ushtru
2025/12/6,drilon
2025/12/7,mendoj
2025/12/8,pasues
2025/12/9,zhduku
2025/12/10,britma
2025/12/11,kimikë
2025/12/12,drekoj
2025/12/13,rimerr
2025/12/14,perdet
2025/12/15,rruaza
2025/12/16,lopata
2025/12/17,motori
2025/12/18,kalash
2025/12/19,shkurt
2025/12/20,thikat
2025/12/21,qeshin
2025/12/22,tinguj
2025/12/23,qeshme
2025/12/24,shorti
2025/12/25,tiranë
2025/12/26,shkopi
2025/12/27,nxirri
2025/12/28,kupola
2025/12/29,reperi
2025/12/30,vrasje
2025/12/31,sherif
2026/1/1,shikim
2026/1/2,frizer
2026/1/3,opsion
2026/1/4,unione
2026/1/5,serioz
2026/1/6,specat
2026/1/7,solide
2026/1/8,copzat
2026/1/9,shtypi
2026/1/10,shtepi
2026/1/11,sheqer
2026/1/12,javore
2026/1/13,mjekim
2026/1/14,sqarim
2026/1/15,agrori
2026/1/16,sporti
2026/1/17,thelli
2026/1/18,starti
2026/1/19,katili
2026/1/20,prizma
2026/1/21,trokit
2026/1/22,psikik
2026/1/23,verboj
2026/1/24,pritje
2026/1/25,vajtim
2026/1/26,dyndur
2026/1/27,qendra
2026/1/28,mendim
2026/1/29,filter
2026/1/30,mbyllu
2026/1/31,flut
2026/2/1,majmes
2026/2/2,besmir
2026/2/3,hendek
2026/2/4,prisje
2026/2/5,turnir
2026/2/6,sistem
2026/2/7,mbarsi
2026/2/8,fosfor
2026/2/9,bitise
2026/2/10,risetë
2026/2/11,banues
2026/2/12,veshur
2026/2/13,qorrim
2026/2/14,kodova
2026/2/15,epshme
2026/2/16,banesë
2026/2/17,tipike
2026/2/18,joshet
2026/2/19,biruca
2026/2/20,citime
2026/2/21,mbathi
2026/2/22,ankohu
2026/2/23,ngojim
2026/2/24,dyzeta
2026/2/25,zgjoju
2026/2/26,burria
2026/2/27,shtati
2026/2/28,axhele
2026/3/1,qytete
2026/3/2,korint
2026/3/3,carist
2026/3/4,porfir
2026/3/5,ndieja
2026/3/6,ketrat
2026/3/7,zaptoi
2026/3/8,sanuan
2026/3/9,lyremi
2026/3/10,mollok
2026/3/11,neuron
2026/3/12,koceje
2026/3/13,planet
2026/3/14,dovlet
2026/3/15,ndehen
2026/3/16,lagjja
2026/3/17,jepnin
2026/3/18,trambe
2026/3/19,dumbin
2026/3/20,shuhem
2026/3/21,crogte
2026/3/22,paskej
2026/3/23,qetove
2026/3/24,nevruz
2026/3/25,pedale
2026/3/26,emrash
2026/3/27,shpije
2026/3/28,ajrove
2026/3/29,shebek
2026/3/30,prapme
2026/3/31,shpien
2026/4/1,dirsur
2026/4/2,suxhuk
2026/4/3,kursor
2026/4/4,faqoll
2026/4/5,duhure
2026/4/6,quhesh
2026/4/7,mundke
2026/4/8,poture
2026/4/9,mauthi
2026/4/10,hajeje
2026/4/11,sqarim
2026/4/12,kabina
2026/4/13,shtimi
2026/4/14,litari
2026/4/15,fitore
2026/4/16,fjalor
2026/4/17,fjalia
2026/4/18,hamall
2026/4/19,hambar
2026/4/20,dielli
2026/4/21,venera
2026/4/22,kamera
2026/4/23,kamata
2026/4/24,merita
2026/4/25,analog
2026/4/26,kinema
2026/4/27,katror
2026/4/28,katran
2026/4/29,marria
2026/4/30,kaluar
2026/5/1,lakesa
2026/5/2,festim
2026/5/3,expert
2026/5/4,kujtim
2026/5/5,çlirim
2026/5/6,gabime
2026/5/7,krisht
2026/5/8,tregim
2026/5/9,sirtar
2026/5/10,kopsht
2026/5/11,thesar
2026/5/12,vonesë
2026/5/13,ndjesi
2026/5/14,mantel
2026/5/15,klient
2026/5/16,pamend
2026/5/17,zbehtë
2026/5/18,titull
2026/5/19,ankth
2026/5/20,repart
2026/5/21,qeveri
2026/5/22,kofshë
2026/5/23,fundit
2026/5/24,strehë
2026/5/25,gjykim
2026/5/26,pamasë
2026/5/27,
2026/5/28,
2026/5/29,
2026/5/30,
2026/5/31,
2026/6/1,
2026/6/2,
2026/6/3,
2026/6/4,
2026/6/5,
2026/6/6,
2026/6/7,
2026/6/8,
2026/6/9,
2026/6/10,
2026/6/11,
2026/6/12,
2026/6/13,
2026/6/14,
2026/6/15,
2026/6/16,
2026/6/17,
2026/6/18,
2026/6/19,
2026/6/20,
2026/6/21,
2026/6/22,
2026/6/23,
2026/6/24,
2026/6/25,
2026/6/26,
2026/6/27,
2026/6/28,
2026/6/29,
2026/6/30,
2026/7/1,
2026/7/2,
2026/7/3,
2026/7/4,
2026/7/5,
2026/7/6,
2026/7/7,
2026/7/8,
2026/7/9,
2026/7/10,
2026/7/11,
2026/7/12,
2026/7/13,
2026/7/14,
2026/7/15,
2026/7/16,
2026/7/17,
2026/7/18,
2026/7/19,
2026/7/20,
2026/7/21,
2026/7/22,
2026/7/23,
2026/7/24,
2026/7/25,
2026/7/26,
2026/7/27,
2026/7/28,
2026/7/29,
2026/7/30,
2026/7/31,
2026/8/1,
2026/8/2,
2026/8/3,
2026/8/4,
2026/8/5,
2026/8/6,
2026/8/7,
2026/8/8,
2026/8/9,
2026/8/10,
2026/8/11,
2026/8/12,
2026/8/13,
2026/8/14,
2026/8/15,
2026/8/16,
2026/8/17,
2026/8/18,
2026/8/19,
2026/8/20,
2026/8/21,
2026/8/22,
2026/8/23,
2026/8/24,
2026/8/25,
2026/8/26,
2026/8/27,
2026/8/28,
2026/8/29,
2026/8/30,
2026/8/31,
2026/9/1,
2026/9/2,
2026/9/3,
2026/9/4,
2026/9/5,
2026/9/6,
2026/9/7,
2026/9/8,
2026/9/9,
2026/9/10,
2026/9/11,
2026/9/12,
2026/9/13,
2026/9/14,
2026/9/15,
2026/9/16,
2026/9/17,
2026/9/18,
2026/9/19,
2026/9/20,
2026/9/21,
2026/9/22,
2026/9/23,
2026/9/24,
2026/9/25,
2026/9/26,
2026/9/27,
2026/9/28,
2026/9/29,
2026/9/30,
2026/10/1,
2026/10/2,
2026/10/3,
2026/10/4,
2026/10/5,
2026/10/6,
2026/10/7,
2026/10/8,
2026/10/9,
2026/10/10,
2026/10/11,
2026/10/12,
2026/10/13,
2026/10/14,
2026/10/15,
2026/10/16,
2026/10/17,
2026/10/18,
2026/10/19,
2026/10/20,
2026/10/21,
2026/10/22,
2026/10/23,
2026/10/24,
2026/10/25,
2026/10/26,
2026/10/27,
2026/10/28,
2026/10/29,
2026/10/30,
2026/10/31,
2026/11/1,
2026/11/2,
2026/11/3,
2026/11/4,
2026/11/5,
2026/11/6,
2026/11/7,
2026/11/8,
2026/11/9,
2026/11/10,
2026/11/11,
2026/11/12,
2026/11/13,
2026/11/14,
2026/11/15,
2026/11/16,
2026/11/17,
2026/11/18,
2026/11/19,
2026/11/20,
2026/11/21,
2026/11/22,
2026/11/23,
2026/11/24,
2026/11/25,
2026/11/26,
2026/11/27,
2026/11/28,
2026/11/29,
2026/11/30,
2026/12/1,
2026/12/2,
2026/12/3,
2026/12/4,
2026/12/5,
2026/12/6,
2026/12/7,
2026/12/8,
2026/12/9,
2026/12/10,
2026/12/11,
2026/12/12,
2026/12/13,
2026/12/14,
2026/12/15,
2026/12/16,
2026/12/17,
2026/12/18,
2026/12/19,
2026/12/20,
2026/12/21,
2026/12/22,
2026/12/23,
2026/12/24,
2026/12/25,
2026/12/26,
2026/12/27,
2026/12/28,
2026/12/29,
2026/12/30,
2026/12/31,
2027/1/1,
2027/1/2,
2027/1/3,
2027/1/4,
2027/1/5,
2027/1/6,
2027/1/7,
2027/1/8,
2027/1/9,
2027/1/10,
2027/1/11,
2027/1/12,
2027/1/13,
2027/1/14,
2027/1/15,
2027/1/16,
2027/1/17,
2027/1/18,
2027/1/19,
2027/1/20,
2027/1/21,
2027/1/22,
2027/1/23,
2027/1/24,
2027/1/25,
2027/1/26,
2027/1/27,
2027/1/28,
2027/1/29,
2027/1/30,
2027/1/31,
2027/2/1,
2027/2/2,
2027/2/3,
2027/2/4,
2027/2/5,
2027/2/6,
2027/2/7,
2027/2/8,
2027/2/9,
2027/2/10,
2027/2/11,
2027/2/12,
2027/2/13,
2027/2/14,
2027/2/15,
2027/2/16,
2027/2/17,
2027/2/18,
2027/2/19,
2027/2/20,
2027/2/21,
2027/2/22,
2027/2/23,
2027/2/24,
2027/2/25,
2027/2/26,
2027/2/27,
2027/2/28,
2027/3/1,
2027/3/2,
2027/3/3,
2027/3/4,
2027/3/5,
2027/3/6,
2027/3/7,
2027/3/8,
2027/3/9,
2027/3/10,
2027/3/11,
2027/3/12,
2027/3/13,
2027/3/14,
2027/3/15,
2027/3/16,
2027/3/17,
2027/3/18,
2027/3/19,
2027/3/20,
2027/3/21,
2027/3/22,
2027/3/23,
2027/3/24,
2027/3/25,
2027/3/26,
2027/3/27,
2027/3/28,
2027/3/29,
2027/3/30,
2027/3/31,
2027/4/1,
2027/4/2,
2027/4/3,
2027/4/4,
2027/4/5,
2027/4/6,
2027/4/7,
2027/4/8,
2027/4/9,
2027/4/10,
2027/4/11,
2027/4/12,
2027/4/13,
2027/4/14,
2027/4/15,
2027/4/16,
2027/4/17,
2027/4/18,
2027/4/19,
2027/4/20,
2027/4/21,
2027/4/22,
2027/4/23,
2027/4/24,
2027/4/25,
2027/4/26,
2027/4/27,
2027/4/28,
2027/4/29,
2027/4/30,
2027/5/1,
2027/5/2,
2027/5/3,
2027/5/4,
2027/5/5,
2027/5/6,
2027/5/7,
2027/5/8,
2027/5/9,
2027/5/10,
2027/5/11,
2027/5/12,
2027/5/13,
2027/5/14,
2027/5/15,
2027/5/16,
2027/5/17,
2027/5/18,
2027/5/19,
2027/5/20,
2027/5/21,
2027/5/22,
2027/5/23,
2027/5/24,
2027/5/25,
2027/5/26,
2027/5/27,
2027/5/28,
2027/5/29,
2027/5/30,
2027/5/31,
2027/6/1,
2027/6/2,
2027/6/3,
2027/6/4,
2027/6/5,
2027/6/6,
2027/6/7,
2027/6/8,
2027/6/9,
2027/6/10,
2027/6/11,
2027/6/12,
2027/6/13,
2027/6/14,
2027/6/15,
2027/6/16,
2027/6/17,
2027/6/18,
2027/6/19,
2027/6/20,
2027/6/21,
2027/6/22,
2027/6/23,
2027/6/24,
2027/6/25,
2027/6/26,
2027/6/27,
2027/6/28,
2027/6/29,
2027/6/30,
2027/7/1,
2027/7/2,
2027/7/3,
2027/7/4,
2027/7/5,
2027/7/6,
2027/7/7,
2027/7/8,
2027/7/9,
2027/7/10,
2027/7/11,
2027/7/12,
2027/7/13,
2027/7/14,
2027/7/15,
2027/7/16,
2027/7/17,
2027/7/18,
2027/7/19,
2027/7/20,
2027/7/21,
2027/7/22,
2027/7/23,
2027/7/24,
2027/7/25,
2027/7/26,
2027/7/27,
2027/7/28,
2027/7/29,
2027/7/30,
2027/7/31,
2027/8/1,
2027/8/2,
2027/8/3,
2027/8/4,
2027/8/5,
2027/8/6,
2027/8/7,
2027/8/8,
2027/8/9,
2027/8/10,
2027/8/11,
2027/8/12,
2027/8/13,
2027/8/14,
2027/8/15,
2027/8/16,
2027/8/17,
2027/8/18,
2027/8/19,
2027/8/20,
2027/8/21,
2027/8/22,
2027/8/23,
2027/8/24,
2027/8/25,
2027/8/26,
2027/8/27,
2027/8/28,
2027/8/29,
2027/8/30,
2027/8/31,
2027/9/1,
2027/9/2,
2027/9/3,
2027/9/4,
2027/9/5,
2027/9/6,
2027/9/7,
2027/9/8,
2027/9/9,
2027/9/10,
2027/9/11,
2027/9/12,
2027/9/13,
2027/9/14,
2027/9/15,
2027/9/16,
2027/9/17,
2027/9/18,
2027/9/19,
2027/9/20,
2027/9/21,
2027/9/22,
2027/9/23,
2027/9/24,
2027/9/25,
2027/9/26,
2027/9/27,
2027/9/28,
2027/9/29,
2027/9/30,
2027/10/1,
2027/10/2,
2027/10/3,
2027/10/4,
2027/10/5,
2027/10/6,
2027/10/7,
2027/10/8,
2027/10/9,
2027/10/10,
2027/10/11,
2027/10/12,
2027/10/13,
2027/10/14,
2027/10/15,
2027/10/16,
2027/10/17,
2027/10/18,
2027/10/19,
2027/10/20,
2027/10/21,
2027/10/22,
2027/10/23,
2027/10/24,
2027/10/25,
2027/10/26,
2027/10/27,
2027/10/28,
2027/10/29,
2027/10/30,
2027/10/31,
2027/11/1,
2027/11/2,
2027/11/3,
2027/11/4,
2027/11/5,
2027/11/6,
2027/11/7,
2027/11/8,
2027/11/9,
2027/11/10,
2027/11/11,
2027/11/12,
2027/11/13,
2027/11/14,
2027/11/15,
2027/11/16,
2027/11/17,
2027/11/18,
2027/11/19,
2027/11/20,
2027/11/21,
2027/11/22,
2027/11/23,
2027/11/24,
2027/11/25,
2027/11/26,
2027/11/27,
2027/11/28,
2027/11/29,
2027/11/30,
2027/12/1,
2027/12/2,
2027/12/3,
2027/12/4,
2027/12/5,
2027/12/6,
2027/12/7,
2027/12/8,
2027/12/9,
2027/12/10,
2027/12/11,
2027/12/12,
2027/12/13,
2027/12/14,
2027/12/15,
2027/12/16,
2027/12/17,
2027/12/18,
2027/12/19,
2027/12/20,
2027/12/21,
2027/12/22,
2027/12/23,
2027/12/24,
2027/12/25,
2027/12/26,
2027/12/27,
2027/12/28,
2027/12/29,
2027/12/30,
2027/12/31,
2028/1/1,
2028/1/2,
2028/1/3,
2028/1/4,
2028/1/5,
2028/1/6,
2028/1/7,
2028/1/8,
2028/1/9,
2028/1/10,
2028/1/11,
2028/1/12,
2028/1/13,
2028/1/14,
2028/1/15,
2028/1/16,
2028/1/17,
2028/1/18,
2028/1/19,
2028/1/20,
2028/1/21,
2028/1/22,
2028/1/23,
2028/1/24,
2028/1/25,
2028/1/26,
2028/1/27,
2028/1/28,
2028/1/29,
2028/1/30,
2028/1/31,
2028/2/1,
2028/2/2,
2028/2/3,
2028/2/4,
2028/2/5,
2028/2/6,
2028/2/7,
2028/2/8,
2028/2/9,
2028/2/10,
2028/2/11,
2028/2/12,
2028/2/13,
2028/2/14,
2028/2/15,
2028/2/16,
2028/2/17,
2028/2/18,
2028/2/19,
2028/2/20,
2028/2/21,
2028/2/22,
2028/2/23,
2028/2/24,
2028/2/25,
2028/2/26,
2028/2/27,
2028/2/28,
2028/2/29,
2028/3/1,
2028/3/2,
2028/3/3,
2028/3/4,
2028/3/5,
2028/3/6,
2028/3/7,
2028/3/8,
2028/3/9,
2028/3/10,
2028/3/11,
2028/3/12,
2028/3/13,
2028/3/14,
2028/3/15,
2028/3/16,
2028/3/17,
2028/3/18,